Datetime,Water Level (m)
2012-03-27,2.0120000839233403
2012-03-28,2.009999990463257
2012-03-29,2.0120000839233403
2012-03-30,1.9980000257492063
2012-03-31,1.991000056266785
2012-04-01,1.9859999418258667
2012-04-02,2.003000020980835
2012-04-03,2.0480000972747803
2012-04-04,2.0190000534057617
2012-04-05,2.009999990463257
2012-04-06,2.0079998970031743
2012-04-07,2.010999917984009
2012-04-08,2.0150001049041752
2012-04-09,2.026000022888184
2012-04-10,2.0460000038146973
2012-04-11,2.0739998817443848
2012-04-12,2.1050000190734863
2012-04-13,2.1370000839233403
2012-04-14,2.115000009536743
2012-04-15,2.108999967575073
2012-04-16,2.1040000915527344
2012-04-17,2.088000059127808
2012-04-18,2.0789999961853027
2012-04-19,2.0850000381469727
2012-04-20,2.0710000991821294
2012-04-21,2.068000078201294
2012-04-22,2.0729999542236333
2012-04-23,2.0920000076293945
2012-04-24,2.111000061035156
2012-04-25,2.115999937057495
2012-04-26,2.122999906539917
2012-04-27,2.115999937057495
2012-04-28,2.1070001125335693
2012-04-29,2.1040000915527344
2012-04-30,2.1070001125335693
2012-05-01,2.1080000400543213
2012-05-02,2.101999998092652
2012-05-03,2.095999956130981
2012-05-04,2.0899999141693115
2012-05-05,2.0820000171661377
2012-05-06,2.075999975204468
2012-05-07,2.0780000686645512
2012-05-08,2.0899999141693115
2012-05-09,2.101999998092652
2012-05-10,2.1070001125335693
2012-05-11,2.1080000400543213
2012-05-12,2.102999925613404
2012-05-13,2.1059999465942383
2012-05-14,2.121999979019165
2012-05-15,2.157000064849853
2012-05-16,2.190999984741211
2012-05-17,2.1979999542236333
2012-05-18,2.186000108718872
2012-05-19,2.1730000972747803
2012-05-20,2.1640000343322754
2012-05-21,2.157000064849853
2012-05-22,2.1679999828338623
2012-05-23,2.1679999828338623
2012-05-24,2.16599988937378
2012-05-25,2.1640000343322754
2012-05-26,2.1730000972747803
2012-05-27,2.1949999332427983
2012-05-28,2.21399998664856
2012-05-29,2.219000101089477
2012-05-30,2.2109999656677246
2012-05-31,2.2100000381469727
2012-06-01,2.2260000705718994
2012-06-02,2.2709999084472656
2012-06-03,2.259000062942505
2012-06-04,2.2320001125335693
2012-06-05,2.2300000190734863
2012-06-06,2.244999885559082
2012-06-07,2.23799991607666
2012-06-08,2.2260000705718994
2012-06-09,2.2160000801086426
2012-06-10,2.2060000896453857
2012-06-11,2.211999893188477
2012-06-12,2.252000093460083
2012-06-13,2.2950000762939453
2012-06-14,2.2890000343322754
2012-06-15,2.263999938964844
2012-06-16,2.242000102996826
2012-06-17,2.302999973297119
2012-06-18,2.311000108718872
2012-06-19,2.263999938964844
2012-06-20,2.2330000400543213
2012-06-21,2.2239999771118164
2012-06-22,2.236000061035156
2012-06-23,2.312999963760376
2012-06-24,2.3949999809265137
2012-06-25,2.3480000495910645
2012-06-26,2.2839999198913574
2012-06-27,2.236999988555908
2012-06-28,2.2039999961853027
2012-06-29,2.1830000877380367
2012-06-30,2.17899990081787
2012-07-01,2.184000015258789
2012-07-02,2.17899990081787
2012-07-03,2.187999963760376
2012-07-04,2.180999994277954
2012-07-05,2.1630001068115234
2012-07-06,2.1470000743865967
2012-07-07,2.135999917984009
2012-07-08,2.138000011444092
2012-07-09,2.1449999809265137
2012-07-10,2.157999992370605
2012-07-11,2.1719999313354488
2012-07-12,2.174000024795532
2012-07-13,2.1670000553131104
2012-07-14,2.1719999313354488
2012-07-15,2.190999984741211
2012-07-16,2.2160000801086426
2012-07-17,2.246999979019165
2012-07-18,2.246999979019165
2012-07-19,2.2149999141693115
2012-07-20,2.197000026702881
2012-07-21,2.197000026702881
2012-07-22,2.181999921798706
2012-07-23,2.197000026702881
2012-07-24,2.2330000400543213
2012-07-25,2.2330000400543213
2012-07-26,2.226999998092652
2012-07-27,2.236999988555908
2012-07-28,2.220999956130981
2012-07-29,2.194000005722046
2012-07-30,2.1700000762939453
2012-07-31,2.157000064849853
2012-08-01,2.1410000324249268
2012-08-02,2.131999969482422
2012-08-03,2.121999979019165
2012-08-04,2.1199998855590816
2012-08-05,2.1419999599456787
2012-08-06,2.1549999713897705
2012-08-07,2.1700000762939453
2012-08-08,2.17899990081787
2012-08-09,2.1640000343322754
2012-08-10,2.1410000324249268
2012-08-11,2.121999979019165
2012-08-12,2.111999988555908
2012-08-13,2.1040000915527344
2012-08-14,2.0999999046325684
2012-08-15,2.101999998092652
2012-08-16,2.0999999046325684
2012-08-17,2.095000028610229
2012-08-18,2.095000028610229
2012-08-19,2.1040000915527344
2012-08-20,2.118000030517578
2012-08-21,2.115000009536743
2012-08-22,2.1040000915527344
2012-08-23,2.0920000076293945
2012-08-24,2.0780000686645512
2012-08-25,2.065000057220459
2012-08-26,2.05399990081787
2012-08-27,2.049000024795532
2012-08-28,2.0480000972747803
2012-08-29,2.0439999103546143
2012-08-30,2.0429999828338623
2012-08-31,2.059000015258789
2012-09-01,2.061000108718872
2012-09-02,2.0510001182556152
2012-09-03,2.0480000972747803
2012-09-04,2.0429999828338623
2012-09-05,2.0369999408721924
2012-09-06,2.0460000038146973
2012-09-07,2.0469999313354488
2012-09-08,2.0350000858306885
2012-09-09,2.0299999713897705
2012-09-10,2.0380001068115234
2012-09-11,2.0369999408721924
2012-09-12,2.0309998989105225
2012-09-13,2.025000095367432
2012-09-14,2.0190000534057617
2012-09-15,2.0150001049041752
2012-09-16,2.013000011444092
2012-09-17,2.010999917984009
2012-09-18,2.0079998970031743
2012-09-19,2.0050001144409184
2012-09-20,2.003000020980835
2012-09-21,2.002000093460083
2012-09-22,2.002000093460083
2012-09-23,2.0050001144409184
2012-09-24,2.009999990463257
2012-09-25,2.0230000019073486
2012-09-26,2.0280001163482666
2012-09-27,2.0239999294281006
2012-09-28,2.0209999084472656
2012-09-29,2.0230000019073486
2012-09-30,2.025000095367432
2012-10-01,2.0230000019073486
2012-10-02,2.0209999084472656
2012-10-03,2.0220000743865967
2012-10-04,2.0199999809265137
2012-10-05,2.0160000324249268
2012-10-06,2.0120000839233403
2012-10-07,2.0079998970031743
2012-10-08,2.0050001144409184
2012-10-09,2.002000093460083
2012-10-10,2.0
2012-10-11,1.9989999532699585
2012-10-12,1.996000051498413
2012-10-13,1.995000004768372
2012-10-14,2.0179998874664307
2012-10-15,2.0550000667572017
2012-10-16,2.0390000343322754
2012-10-17,2.026000022888184
2012-10-18,2.0160000324249268
2012-10-19,2.026000022888184
2012-10-20,2.0239999294281006
2012-10-21,2.0150001049041752
2012-10-22,2.010999917984009
2012-10-23,2.009000062942505
2012-10-24,2.002000093460083
2012-10-25,1.9980000257492063
2012-10-26,1.9980000257492063
2012-10-27,1.996999979019165
2012-10-28,1.996000051498413
2012-10-29,1.99399995803833
2012-10-30,1.995000004768372
2012-10-31,1.996000051498413
2012-11-01,1.996000051498413
2012-11-02,1.99399995803833
2012-11-03,1.99399995803833
2012-11-04,2.009000062942505
2012-11-05,2.05399990081787
2012-11-06,2.0390000343322754
2012-11-07,2.0269999504089355
2012-11-08,2.0190000534057617
2012-11-09,2.0079998970031743
2012-11-10,2.0380001068115234
2012-11-11,2.086999893188477
2012-11-12,2.009000062942505
2012-11-13,1.986999988555908
2012-11-14,1.9919999837875368
2012-11-15,1.9889999628067017
2012-11-16,1.9889999628067017
2012-11-17,1.993000030517578
2012-11-18,1.995000004768372
2012-11-19,1.996999979019165
2012-11-20,1.996999979019165
2012-11-21,1.9919999837875368
2012-11-22,2.049999952316284
2012-11-23,2.0
2012-11-24,1.9880000352859497
2012-11-25,2.039999961853028
2012-11-26,2.124000072479248
2012-11-27,2.1559998989105225
2012-11-28,2.157000064849853
2012-11-29,2.0789999961853027
2012-11-30,2.013999938964844
2012-12-01,1.9800000190734863
2012-12-02,1.9780000448226929
2012-12-03,1.976999998092652
2012-12-04,1.9780000448226929
2012-12-05,1.9800000190734863
2012-12-06,2.066999912261964
2012-12-07,2.122999906539917
2012-12-08,2.1530001163482666
2012-12-09,2.1640000343322754
2012-12-10,2.125
2012-12-11,
2012-12-12,
2012-12-13,
2012-12-14,
2012-12-15,
2012-12-16,
2012-12-17,
2012-12-18,2.102999925613404
2012-12-19,2.1589999198913574
2012-12-20,2.125
2012-12-21,2.086999893188477
2012-12-22,2.066999912261964
2012-12-23,2.1329998970031743
2012-12-24,2.246999979019165
2012-12-25,2.250999927520752
2012-12-26,2.134000062942505
2012-12-27,2.025000095367432
2012-12-28,1.9709999561309808
2012-12-29,1.9720000028610232
2012-12-30,1.9720000028610232
2012-12-31,1.9730000495910645
2013-01-01,1.976999998092652
2013-01-02,1.986999988555908
2013-01-03,1.9980000257492063
2013-01-04,2.0190000534057617
2013-01-05,2.0179998874664307
2013-01-06,2.009000062942505
2013-01-07,1.995000004768372
2013-01-08,1.9859999418258667
2013-01-09,1.986999988555908
2013-01-10,1.9800000190734863
2013-01-11,1.968999981880188
2013-01-12,1.9839999675750728
2013-01-13,1.9839999675750728
2013-01-14,1.9850000143051147
2013-01-15,1.9780000448226929
2013-01-16,1.9730000495910645
2013-01-17,1.9700000286102293
2013-01-18,1.9709999561309808
2013-01-19,1.9700000286102293
2013-01-20,1.9670000076293943
2013-01-21,1.96399998664856
2013-01-22,1.9730000495910645
2013-01-23,1.9789999723434448
2013-01-24,1.9730000495910645
2013-01-25,1.9670000076293943
2013-01-26,1.968999981880188
2013-01-27,1.965999960899353
2013-01-28,1.9700000286102293
2013-01-29,1.968000054359436
2013-01-30,1.9650000333786009
2013-01-31,1.968999981880188
2013-02-01,1.968000054359436
2013-02-02,1.965999960899353
2013-02-03,1.9650000333786009
2013-02-04,1.9630000591278085
2013-02-05,1.962000012397766
2013-02-06,1.9600000381469729
2013-02-07,1.9609999656677248
2013-02-08,1.9589999914169312
2013-02-09,1.9600000381469729
2013-02-10,1.9589999914169312
2013-02-11,1.962000012397766
2013-02-12,1.9589999914169312
2013-02-13,1.9589999914169312
2013-02-14,1.9579999446868896
2013-02-15,1.9539999961853027
2013-02-16,1.9579999446868896
2013-02-17,1.955999970436096
2013-02-18,1.955999970436096
2013-02-19,1.9539999961853027
2013-02-20,1.9650000333786009
2013-02-21,1.9579999446868896
2013-02-22,1.9520000219345093
2013-02-23,1.9520000219345093
2013-02-24,1.950999975204468
2013-02-25,1.950999975204468
2013-02-26,1.9490000009536743
2013-02-27,1.9470000267028809
2013-02-28,1.9479999542236328
2013-03-01,1.9490000009536743
2013-03-02,1.9479999542236328
2013-03-03,1.9470000267028809
2013-03-04,1.9490000009536743
2013-03-05,1.950000047683716
2013-03-06,1.950000047683716
2013-03-07,1.9490000009536743
2013-03-08,1.950000047683716
2013-03-09,1.9490000009536743
2013-03-10,1.9520000219345093
2013-03-11,1.9490000009536743
2013-03-12,1.9570000171661377
2013-03-13,1.9919999837875368
2013-03-14,1.9919999837875368
2013-03-15,1.9900000095367432
2013-03-16,1.9880000352859497
2013-03-17,1.9700000286102293
2013-03-18,1.9650000333786009
2013-03-19,1.9589999914169312
2013-03-20,1.9630000591278085
2013-03-21,1.9609999656677248
2013-03-22,1.9589999914169312
2013-03-23,1.96399998664856
2013-03-24,1.9600000381469729
2013-03-25,1.9670000076293943
2013-03-26,1.9720000028610232
2013-03-27,1.9809999465942385
2013-03-28,1.991000056266785
2013-03-29,1.9900000095367432
2013-03-30,1.991000056266785
2013-03-31,1.9900000095367432
2013-04-01,1.9900000095367432
2013-04-02,1.991000056266785
2013-04-03,1.991000056266785
2013-04-04,1.991000056266785
2013-04-05,1.993000030517578
2013-04-06,1.99399995803833
2013-04-07,1.9900000095367432
2013-04-08,1.995000004768372
2013-04-09,1.9919999837875368
2013-04-10,1.9980000257492063
2013-04-11,2.0
2013-04-12,1.9919999837875368
2013-04-13,1.991000056266785
2013-04-14,1.991000056266785
2013-04-15,1.995000004768372
2013-04-16,1.991000056266785
2013-04-17,1.9880000352859497
2013-04-18,1.9880000352859497
2013-04-19,1.9900000095367432
2013-04-20,1.9889999628067017
2013-04-21,1.9900000095367432
2013-04-22,1.986999988555908
2013-04-23,1.9859999418258667
2013-04-24,1.9859999418258667
2013-04-25,1.986999988555908
2013-04-26,1.99399995803833
2013-04-27,2.0050001144409184
2013-04-28,2.006999969482422
2013-04-29,2.000999927520752
2013-04-30,1.995000004768372
2013-05-01,1.9919999837875368
2013-05-02,1.9900000095367432
2013-05-03,1.99399995803833
2013-05-04,2.0050001144409184
2013-05-05,2.0339999198913574
2013-05-06,2.0820000171661377
2013-05-07,2.128000020980835
2013-05-08,2.134999990463257
2013-05-09,2.135999917984009
2013-05-10,2.1429998874664307
2013-05-11,2.1489999294281006
2013-05-12,2.2809998989105225
2013-05-13,2.344000101089477
2013-05-14,2.2149999141693115
2013-05-15,2.1489999294281006
2013-05-16,2.115999937057495
2013-05-17,2.0920000076293945
2013-05-18,2.0820000171661377
2013-05-19,2.07699990272522
2013-05-20,2.0699999332427983
2013-05-21,2.075999975204468
2013-05-22,2.111999988555908
2013-05-23,2.128000020980835
2013-05-24,2.193000078201294
2013-05-25,2.200999975204468
2013-05-26,2.2160000801086426
2013-05-27,2.227999925613404
2013-05-28,2.2060000896453857
2013-05-29,2.184999942779541
2013-05-30,2.184000015258789
2013-05-31,2.1760001182556152
2013-06-01,2.157999992370605
2013-06-02,2.157999992370605
2013-06-03,2.1760001182556152
2013-06-04,2.1830000877380367
2013-06-05,2.181999921798706
2013-06-06,2.191999912261964
2013-06-07,2.190999984741211
2013-06-08,2.200000047683716
2013-06-09,2.1960000991821294
2013-06-10,2.186000108718872
2013-06-11,2.184999942779541
2013-06-12,2.1989998817443848
2013-06-13,2.203000068664551
2013-06-14,2.2060000896453857
2013-06-15,2.193000078201294
2013-06-16,2.197000026702881
2013-06-17,2.2330000400543213
2013-06-18,2.2669999599456787
2013-06-19,2.2790000438690186
2013-06-20,2.2850000858306885
2013-06-21,2.352999925613404
2013-06-22,2.385999917984009
2013-06-23,2.390000104904175
2013-06-24,2.381999969482422
2013-06-25,2.351999998092652
2013-06-26,2.305999994277954
2013-06-27,2.256999969482422
2013-06-28,2.220000028610229
2013-06-29,2.2060000896453857
2013-06-30,2.219000101089477
2013-07-01,2.236999988555908
2013-07-02,2.2730000019073486
2013-07-03,2.275000095367432
2013-07-04,2.226999998092652
2013-07-05,2.1830000877380367
2013-07-06,2.1530001163482666
2013-07-07,2.1370000839233403
2013-07-08,2.128999948501587
2013-07-09,2.121999979019165
2013-07-10,2.125999927520752
2013-07-11,2.1329998970031743
2013-07-12,2.121999979019165
2013-07-13,2.102999925613404
2013-07-14,2.0920000076293945
2013-07-15,2.101999998092652
2013-07-16,2.0850000381469727
2013-07-17,2.07699990272522
2013-07-18,2.086999893188477
2013-07-19,2.102999925613404
2013-07-20,2.115000009536743
2013-07-21,2.118000030517578
2013-07-22,2.122999906539917
2013-07-23,2.121000051498413
2013-07-24,2.115000009536743
2013-07-25,2.1070001125335693
2013-07-26,2.0980000495910645
2013-07-27,2.094000101089477
2013-07-28,2.0899999141693115
2013-07-29,2.0910000801086426
2013-07-30,2.0859999656677246
2013-07-31,2.0859999656677246
2013-08-01,2.088000059127808
2013-08-02,2.111999988555908
2013-08-03,2.1300001144409184
2013-08-04,2.127000093460083
2013-08-05,2.118000030517578
2013-08-06,2.111000061035156
2013-08-07,2.1080000400543213
2013-08-08,2.1040000915527344
2013-08-09,2.101999998092652
2013-08-10,2.0999999046325684
2013-08-11,2.102999925613404
2013-08-12,2.127000093460083
2013-08-13,2.121000051498413
2013-08-14,2.111000061035156
2013-08-15,2.0980000495910645
2013-08-16,2.0920000076293945
2013-08-17,2.0910000801086426
2013-08-18,2.088000059127808
2013-08-19,2.07699990272522
2013-08-20,2.0639998912811284
2013-08-21,2.05399990081787
2013-08-22,2.0460000038146973
2013-08-23,2.0439999103546143
2013-08-24,2.0510001182556152
2013-08-25,2.049999952316284
2013-08-26,2.0439999103546143
2013-08-27,2.0360000133514404
2013-08-28,2.032999992370605
2013-08-29,2.0309998989105225
2013-08-30,2.0350000858306885
2013-08-31,2.0420000553131104
2013-09-01,2.0390000343322754
2013-09-02,2.0339999198913574
2013-09-03,2.0360000133514404
2013-09-04,2.0350000858306885
2013-09-05,2.032000064849853
2013-09-06,2.0290000438690186
2013-09-07,2.0269999504089355
2013-09-08,2.032000064849853
2013-09-09,2.0369999408721924
2013-09-10,2.0369999408721924
2013-09-11,2.032000064849853
2013-09-12,2.032000064849853
2013-09-13,2.0360000133514404
2013-09-14,2.0360000133514404
2013-09-15,2.0360000133514404
2013-09-16,2.052999973297119
2013-09-17,2.065999984741211
2013-09-18,2.055999994277954
2013-09-19,2.0460000038146973
2013-09-20,2.0280001163482666
2013-09-21,2.0190000534057617
2013-09-22,2.0150001049041752
2013-09-23,2.0120000839233403
2013-09-24,2.0079998970031743
2013-09-25,2.009000062942505
2013-09-26,2.006999969482422
2013-09-27,2.002000093460083
2013-09-28,1.9989999532699585
2013-09-29,2.0
2013-09-30,1.9989999532699585
2013-10-01,1.996000051498413
2013-10-02,1.995000004768372
2013-10-03,1.9919999837875368
2013-10-04,1.986999988555908
2013-10-05,1.986999988555908
2013-10-06,1.986999988555908
2013-10-07,1.993000030517578
2013-10-08,1.99399995803833
2013-10-09,1.99399995803833
2013-10-10,1.995000004768372
2013-10-11,1.993000030517578
2013-10-12,1.9919999837875368
2013-10-13,1.9900000095367432
2013-10-14,1.9900000095367432
2013-10-15,1.9889999628067017
2013-10-16,1.9880000352859497
2013-10-17,1.9880000352859497
2013-10-18,1.9859999418258667
2013-10-19,1.9839999675750728
2013-10-20,1.98199999332428
2013-10-21,1.9800000190734863
2013-10-22,1.9800000190734863
2013-10-23,1.9780000448226929
2013-10-24,1.9780000448226929
2013-10-25,1.976999998092652
2013-10-26,1.9759999513626096
2013-10-27,1.9739999771118164
2013-10-28,1.9759999513626096
2013-10-29,1.9730000495910645
2013-10-30,1.9759999513626096
2013-10-31,1.9759999513626096
2013-11-01,1.976999998092652
2013-11-02,1.976999998092652
2013-11-03,1.9789999723434448
2013-11-04,1.9739999771118164
2013-11-05,1.975000023841858
2013-11-06,1.975000023841858
2013-11-07,1.9800000190734863
2013-11-08,1.9800000190734863
2013-11-09,1.9780000448226929
2013-11-10,1.9780000448226929
2013-11-11,1.9759999513626096
2013-11-12,1.976999998092652
2013-11-13,1.9739999771118164
2013-11-14,1.975000023841858
2013-11-15,1.9759999513626096
2013-11-16,1.9780000448226929
2013-11-17,1.9730000495910645
2013-11-18,1.976999998092652
2013-11-19,2.0209999084472656
2013-11-20,2.25
2013-11-21,2.2860000133514404
2013-11-22,2.1640000343322754
2013-11-23,2.0290000438690186
2013-11-24,
2013-11-25,
2013-11-26,
2013-11-27,
2013-11-28,
2013-11-29,
2013-11-30,
2013-12-01,
2013-12-02,
2013-12-03,
2013-12-04,
2013-12-05,
2013-12-06,
2013-12-07,
2013-12-08,
2013-12-09,
2013-12-10,
2013-12-11,
2013-12-12,
2013-12-13,
2013-12-14,
2013-12-15,
2013-12-16,
2013-12-17,
2013-12-18,
2013-12-19,
2013-12-20,
2013-12-21,
2013-12-22,
2013-12-23,
2013-12-24,
2013-12-25,
2013-12-26,
2013-12-27,
2013-12-28,
2013-12-29,
2013-12-30,
2013-12-31,
2014-01-01,
2014-01-02,
2014-01-03,
2014-01-04,
2014-01-05,
2014-01-06,
2014-01-07,
2014-01-08,
2014-01-09,
2014-01-10,
2014-01-11,
2014-01-12,
2014-01-13,
2014-01-14,
2014-01-15,
2014-01-16,
2014-01-17,
2014-01-18,
2014-01-19,
2014-01-20,
2014-01-21,2.0829999446868896
2014-01-22,2.065999984741211
2014-01-23,2.1080000400543213
2014-01-24,2.193000078201294
2014-01-25,2.2660000324249268
2014-01-26,2.2890000343322754
2014-01-27,2.259000062942505
2014-01-28,2.400000095367432
2014-01-29,2.2769999504089355
2014-01-30,2.1440000534057617
2014-01-31,2.263999938964844
2014-02-01,2.5369999408721924
2014-02-02,2.4570000171661377
2014-02-03,2.3329999446868896
2014-02-04,2.20199990272522
2014-02-05,2.0989999771118164
2014-02-06,2.0739998817443848
2014-02-07,2.0429999828338623
2014-02-08,2.190999984741211
2014-02-09,2.3010001182556152
2014-02-10,2.377000093460083
2014-02-11,2.365000009536743
2014-02-12,2.344000101089477
2014-02-13,2.3980000019073486
2014-02-14,2.2730000019073486
2014-02-15,2.1830000877380367
2014-02-16,2.138999938964844
2014-02-17,2.11299991607666
2014-02-18,2.1059999465942383
2014-02-19,2.0999999046325684
2014-02-20,2.0859999656677246
2014-02-21,2.075000047683716
2014-02-22,2.072000026702881
2014-02-23,2.068000078201294
2014-02-24,2.0639998912811284
2014-02-25,2.059999942779541
2014-02-26,2.065999984741211
2014-02-27,2.069000005722046
2014-02-28,2.0699999332427983
2014-03-01,2.0420000553131104
2014-03-02,2.08899998664856
2014-03-03,2.0929999351501465
2014-03-04,2.08899998664856
2014-03-05,2.115999937057495
2014-03-06,2.121000051498413
2014-03-07,2.128999948501587
2014-03-08,2.3359999656677246
2014-03-09,2.371999979019165
2014-03-10,2.325000047683716
2014-03-11,2.2330000400543213
2014-03-12,2.1979999542236333
2014-03-13,2.193000078201294
2014-03-14,2.1700000762939453
2014-03-15,2.1610000133514404
2014-03-16,2.1619999408721924
2014-03-17,2.1540000438690186
2014-03-18,2.127000093460083
2014-03-19,2.1040000915527344
2014-03-20,2.0789999961853027
2014-03-21,2.062000036239624
2014-03-22,2.0439999103546143
2014-03-23,2.0380001068115234
2014-03-24,2.0309998989105225
2014-03-25,2.0220000743865967
2014-03-26,2.013000011444092
2014-03-27,2.0
2014-03-28,1.976999998092652
2014-03-29,1.96399998664856
2014-03-30,1.968000054359436
2014-03-31,1.968000054359436
2014-04-01,1.968999981880188
2014-04-02,1.9700000286102293
2014-04-03,1.968999981880188
2014-04-04,1.975000023841858
2014-04-05,1.9759999513626096
2014-04-06,1.9809999465942385
2014-04-07,1.9780000448226929
2014-04-08,2.0
2014-04-09,1.993000030517578
2014-04-10,1.9759999513626096
2014-04-11,1.9850000143051147
2014-04-12,1.9830000400543213
2014-04-13,1.9809999465942385
2014-04-14,1.9780000448226929
2014-04-15,1.9759999513626096
2014-04-16,1.975000023841858
2014-04-17,1.9789999723434448
2014-04-18,1.986999988555908
2014-04-19,1.9859999418258667
2014-04-20,1.9789999723434448
2014-04-21,1.976999998092652
2014-04-22,1.98199999332428
2014-04-23,1.98199999332428
2014-04-24,1.9789999723434448
2014-04-25,1.9809999465942385
2014-04-26,1.9809999465942385
2014-04-27,1.9809999465942385
2014-04-28,1.9800000190734863
2014-04-29,1.9800000190734863
2014-04-30,1.9839999675750728
2014-05-01,1.986999988555908
2014-05-02,2.0
2014-05-03,2.0160000324249268
2014-05-04,2.0160000324249268
2014-05-05,2.009000062942505
2014-05-06,2.006999969482422
2014-05-07,2.0050001144409184
2014-05-08,2.009000062942505
2014-05-09,2.0160000324249268
2014-05-10,2.032000064849853
2014-05-11,2.032999992370605
2014-05-12,2.0339999198913574
2014-05-13,2.0369999408721924
2014-05-14,2.052999973297119
2014-05-15,2.08899998664856
2014-05-16,2.131999969482422
2014-05-17,2.1730000972747803
2014-05-18,2.197000026702881
2014-05-19,2.200000047683716
2014-05-20,2.197000026702881
2014-05-21,2.200999975204468
2014-05-22,2.1949999332427983
2014-05-23,2.1889998912811284
2014-05-24,2.1889998912811284
2014-05-25,2.1630001068115234
2014-05-26,2.1400001049041752
2014-05-27,2.128999948501587
2014-05-28,2.1400001049041752
2014-05-29,2.1719999313354488
2014-05-30,2.1760001182556152
2014-05-31,2.16599988937378
2014-06-01,2.157999992370605
2014-06-02,2.1589999198913574
2014-06-03,2.1610000133514404
2014-06-04,2.157000064849853
2014-06-05,2.135999917984009
2014-06-06,2.118000030517578
2014-06-07,2.1050000190734863
2014-06-08,2.0989999771118164
2014-06-09,2.094000101089477
2014-06-10,2.088000059127808
2014-06-11,2.0729999542236333
2014-06-12,2.065000057220459
2014-06-13,2.0639998912811284
2014-06-14,2.0739998817443848
2014-06-15,2.086999893188477
2014-06-16,2.111999988555908
2014-06-17,2.125999927520752
2014-06-18,2.128000020980835
2014-06-19,2.1370000839233403
2014-06-20,2.1459999084472656
2014-06-21,2.121999979019165
2014-06-22,2.101999998092652
2014-06-23,2.0929999351501465
2014-06-24,2.095999956130981
2014-06-25,2.1070001125335693
2014-06-26,2.111000061035156
2014-06-27,2.1059999465942383
2014-06-28,2.1010000705718994
2014-06-29,2.095999956130981
2014-06-30,2.094000101089477
2014-07-01,2.0899999141693115
2014-07-02,2.0829999446868896
2014-07-03,2.094000101089477
2014-07-04,2.0989999771118164
2014-07-05,2.0850000381469727
2014-07-06,2.075000047683716
2014-07-07,2.075999975204468
2014-07-08,2.07699990272522
2014-07-09,2.0829999446868896
2014-07-10,2.0820000171661377
2014-07-11,2.07699990272522
2014-07-12,2.0729999542236333
2014-07-13,2.0780000686645512
2014-07-14,2.0820000171661377
2014-07-15,2.0980000495910645
2014-07-16,2.118000030517578
2014-07-17,2.1199998855590816
2014-07-18,2.118000030517578
2014-07-19,2.122999906539917
2014-07-20,2.13100004196167
2014-07-21,2.111999988555908
2014-07-22,2.0929999351501465
2014-07-23,2.0789999961853027
2014-07-24,2.0810000896453857
2014-07-25,2.094000101089477
2014-07-26,2.0910000801086426
2014-07-27,2.0820000171661377
2014-07-28,2.075999975204468
2014-07-29,2.0780000686645512
2014-07-30,2.0850000381469727
2014-07-31,2.0899999141693115
2014-08-01,2.088000059127808
2014-08-02,2.088000059127808
2014-08-03,2.0920000076293945
2014-08-04,2.095999956130981
2014-08-05,2.0980000495910645
2014-08-06,2.0969998836517334
2014-08-07,2.08899998664856
2014-08-08,2.0799999237060547
2014-08-09,2.0699999332427983
2014-08-10,2.061000108718872
2014-08-11,2.0580000877380367
2014-08-12,2.066999912261964
2014-08-13,2.0780000686645512
2014-08-14,2.0899999141693115
2014-08-15,2.1040000915527344
2014-08-16,2.1170001029968257
2014-08-17,2.1070001125335693
2014-08-18,2.0969998836517334
2014-08-19,2.08899998664856
2014-08-20,2.0829999446868896
2014-08-21,2.0729999542236333
2014-08-22,2.065999984741211
2014-08-23,2.0580000877380367
2014-08-24,2.049999952316284
2014-08-25,2.0439999103546143
2014-08-26,2.0439999103546143
2014-08-27,2.056999921798706
2014-08-28,2.066999912261964
2014-08-29,2.065000057220459
2014-08-30,2.061000108718872
2014-08-31,2.049999952316284
2014-09-01,2.0380001068115234
2014-09-02,2.032000064849853
2014-09-03,2.04099988937378
2014-09-04,2.0290000438690186
2014-09-05,2.0169999599456787
2014-09-06,2.010999917984009
2014-09-07,2.009000062942505
2014-09-08,2.013000011444092
2014-09-09,2.0160000324249268
2014-09-10,2.013000011444092
2014-09-11,2.010999917984009
2014-09-12,2.006999969482422
2014-09-13,2.003999948501587
2014-09-14,2.002000093460083
2014-09-15,1.9989999532699585
2014-09-16,1.996999979019165
2014-09-17,1.996999979019165
2014-09-18,1.9989999532699585
2014-09-19,2.000999927520752
2014-09-20,2.000999927520752
2014-09-21,2.000999927520752
2014-09-22,2.002000093460083
2014-09-23,2.0079998970031743
2014-09-24,2.013999938964844
2014-09-25,2.0179998874664307
2014-09-26,2.0150001049041752
2014-09-27,2.009000062942505
2014-09-28,2.0050001144409184
2014-09-29,2.002000093460083
2014-09-30,2.003999948501587
2014-10-01,2.003999948501587
2014-10-02,2.0
2014-10-03,1.996000051498413
2014-10-04,1.995000004768372
2014-10-05,1.995000004768372
2014-10-06,1.996999979019165
2014-10-07,2.0050001144409184
2014-10-08,2.0079998970031743
2014-10-09,2.00600004196167
2014-10-10,2.003000020980835
2014-10-11,2.003999948501587
2014-10-12,2.003999948501587
2014-10-13,2.003999948501587
2014-10-14,2.013999938964844
2014-10-15,2.0079998970031743
2014-10-16,2.002000093460083
2014-10-17,1.9989999532699585
2014-10-18,1.996000051498413
2014-10-19,1.9980000257492063
2014-10-20,2.032000064849853
2014-10-21,2.0420000553131104
2014-10-22,2.049000024795532
2014-10-23,2.039999961853028
2014-10-24,2.032000064849853
2014-10-25,2.025000095367432
2014-10-26,2.0269999504089355
2014-10-27,2.0220000743865967
2014-10-28,2.0160000324249268
2014-10-29,2.0150001049041752
2014-10-30,2.009999990463257
2014-10-31,2.0150001049041752
2014-11-01,2.0120000839233403
2014-11-02,2.0050001144409184
2014-11-03,2.002000093460083
2014-11-04,2.002000093460083
2014-11-05,1.9989999532699585
2014-11-06,2.003999948501587
2014-11-07,2.0050001144409184
2014-11-08,2.003000020980835
2014-11-09,2.0050001144409184
2014-11-10,2.006999969482422
2014-11-11,1.996000051498413
2014-11-12,2.17899990081787
2014-11-13,2.352999925613404
2014-11-14,2.3399999141693115
2014-11-15,2.095999956130981
2014-11-16,2.0209999084472656
2014-11-17,2.0150001049041752
2014-11-18,2.0120000839233403
2014-11-19,2.0160000324249268
2014-11-20,2.026000022888184
2014-11-21,2.0050001144409184
2014-11-22,1.99399995803833
2014-11-23,1.9859999418258667
2014-11-24,1.9830000400543213
2014-11-25,1.9839999675750728
2014-11-26,1.9889999628067017
2014-11-27,1.996999979019165
2014-11-28,2.321000099182129
2014-11-29,2.4760000705718994
2014-11-30,2.2330000400543213
2014-12-01,2.0910000801086426
2014-12-02,2.039999961853028
2014-12-03,2.05399990081787
2014-12-04,2.0969998836517334
2014-12-05,2.111000061035156
2014-12-06,2.088000059127808
2014-12-07,2.0739998817443848
2014-12-08,2.0729999542236333
2014-12-09,2.242000102996826
2014-12-10,2.2799999713897705
2014-12-11,2.2060000896453857
2014-12-12,2.1619999408721924
2014-12-13,2.1519999504089355
2014-12-14,2.1540000438690186
2014-12-15,2.213000059127808
2014-12-16,2.247999906539917
2014-12-17,2.2239999771118164
2014-12-18,2.1589999198913574
2014-12-19,2.1329998970031743
2014-12-20,2.1080000400543213
2014-12-21,2.0920000076293945
2014-12-22,2.0820000171661377
2014-12-23,2.059999942779541
2014-12-24,2.0429999828338623
2014-12-25,2.088000059127808
2014-12-26,2.150000095367432
2014-12-27,2.16599988937378
2014-12-28,2.0710000991821294
2014-12-29,2.197000026702881
2014-12-30,2.361000061035156
2014-12-31,2.2920000553131104
2015-01-01,2.184000015258789
2015-01-02,2.111999988555908
2015-01-03,2.066999912261964
2015-01-04,2.059000015258789
2015-01-05,2.125999927520752
2015-01-06,2.1300001144409184
2015-01-07,2.1059999465942383
2015-01-08,2.059000015258789
2015-01-09,2.0299999713897705
2015-01-10,2.0050001144409184
2015-01-11,1.993000030517578
2015-01-12,1.9839999675750728
2015-01-13,1.975000023841858
2015-01-14,1.9600000381469729
2015-01-15,1.991000056266785
2015-01-16,2.0469999313354488
2015-01-17,1.9850000143051147
2015-01-18,1.975000023841858
2015-01-19,1.9789999723434448
2015-01-20,1.976999998092652
2015-01-21,1.9850000143051147
2015-01-22,1.9830000400543213
2015-01-23,1.991000056266785
2015-01-24,2.0050001144409184
2015-01-25,2.0
2015-01-26,2.025000095367432
2015-01-27,2.032000064849853
2015-01-28,2.010999917984009
2015-01-29,2.0120000839233403
2015-01-30,1.9919999837875368
2015-01-31,1.9830000400543213
2015-02-01,1.9789999723434448
2015-02-02,2.009999990463257
2015-02-03,1.98199999332428
2015-02-04,1.976999998092652
2015-02-05,1.9919999837875368
2015-02-06,2.157999992370605
2015-02-07,2.2239999771118164
2015-02-08,2.0360000133514404
2015-02-09,1.996000051498413
2015-02-10,1.986999988555908
2015-02-11,1.9859999418258667
2015-02-12,1.9830000400543213
2015-02-13,1.986999988555908
2015-02-14,2.0
2015-02-15,1.995000004768372
2015-02-16,1.9880000352859497
2015-02-17,1.9839999675750728
2015-02-18,1.98199999332428
2015-02-19,1.9830000400543213
2015-02-20,1.9809999465942385
2015-02-21,1.9789999723434448
2015-02-22,1.975000023841858
2015-02-23,1.9759999513626096
2015-02-24,1.9780000448226929
2015-02-25,1.9759999513626096
2015-02-26,1.976999998092652
2015-02-27,1.9789999723434448
2015-02-28,1.9630000591278085
2015-03-01,1.9800000190734863
2015-03-02,1.9759999513626096
2015-03-03,1.9600000381469729
2015-03-04,1.975000023841858
2015-03-05,1.9739999771118164
2015-03-06,1.9759999513626096
2015-03-07,1.975000023841858
2015-03-08,1.9809999465942385
2015-03-09,1.98199999332428
2015-03-10,1.9900000095367432
2015-03-11,1.991000056266785
2015-03-12,2.0150001049041752
2015-03-13,2.0199999809265137
2015-03-14,2.026000022888184
2015-03-15,2.0209999084472656
2015-03-16,2.000999927520752
2015-03-17,1.996999979019165
2015-03-18,1.995000004768372
2015-03-19,1.993000030517578
2015-03-20,2.00600004196167
2015-03-21,2.0390000343322754
2015-03-22,2.0369999408721924
2015-03-23,2.0199999809265137
2015-03-24,2.009999990463257
2015-03-25,2.003000020980835
2015-03-26,2.00600004196167
2015-03-27,2.0150001049041752
2015-03-28,2.0299999713897705
2015-03-29,2.0299999713897705
2015-03-30,2.026000022888184
2015-03-31,2.0390000343322754
2015-04-01,2.0360000133514404
2015-04-02,2.0239999294281006
2015-04-03,2.0160000324249268
2015-04-04,2.013999938964844
2015-04-05,2.010999917984009
2015-04-06,2.00600004196167
2015-04-07,2.003999948501587
2015-04-08,2.0
2015-04-09,1.996999979019165
2015-04-10,1.993000030517578
2015-04-11,1.993000030517578
2015-04-12,1.9889999628067017
2015-04-13,1.9889999628067017
2015-04-14,1.9880000352859497
2015-04-15,1.9830000400543213
2015-04-16,1.9830000400543213
2015-04-17,1.9850000143051147
2015-04-18,1.9859999418258667
2015-04-19,1.986999988555908
2015-04-20,1.9900000095367432
2015-04-21,2.002000093460083
2015-04-22,2.0239999294281006
2015-04-23,2.0239999294281006
2015-04-24,2.0169999599456787
2015-04-25,2.0079998970031743
2015-04-26,2.003000020980835
2015-04-27,2.0
2015-04-28,2.009999990463257
2015-04-29,2.0390000343322754
2015-04-30,2.0380001068115234
2015-05-01,2.032000064849853
2015-05-02,2.0269999504089355
2015-05-03,2.0239999294281006
2015-05-04,2.0220000743865967
2015-05-05,2.0309998989105225
2015-05-06,2.0429999828338623
2015-05-07,2.0369999408721924
2015-05-08,2.0350000858306885
2015-05-09,2.049999952316284
2015-05-10,2.0729999542236333
2015-05-11,2.0899999141693115
2015-05-12,2.1170001029968257
2015-05-13,2.1470000743865967
2015-05-14,2.1670000553131104
2015-05-15,2.1949999332427983
2015-05-16,2.219000101089477
2015-05-17,2.2219998836517334
2015-05-18,2.219000101089477
2015-05-19,2.220000028610229
2015-05-20,2.2330000400543213
2015-05-21,2.244999885559082
2015-05-22,2.257999897003174
2015-05-23,2.2929999828338623
2015-05-24,2.312000036239624
2015-05-25,2.3410000801086426
2015-05-26,2.38100004196167
2015-05-27,2.378999948501587
2015-05-28,2.36299991607666
2015-05-29,2.336999893188477
2015-05-30,2.299000024795532
2015-05-31,2.263999938964844
2015-06-01,2.2300000190734863
2015-06-02,2.2170000076293945
2015-06-03,2.226999998092652
2015-06-04,2.242000102996826
2015-06-05,2.234999895095825
2015-06-06,2.2219998836517334
2015-06-07,2.21399998664856
2015-06-08,2.220000028610229
2015-06-09,2.2230000495910645
2015-06-10,2.203000068664551
2015-06-11,2.184999942779541
2015-06-12,2.1700000762939453
2015-06-13,2.1540000438690186
2015-06-14,2.138999938964844
2015-06-15,2.128000020980835
2015-06-16,2.121999979019165
2015-06-17,2.122999906539917
2015-06-18,2.122999906539917
2015-06-19,2.124000072479248
2015-06-20,2.11899995803833
2015-06-21,2.1080000400543213
2015-06-22,2.0969998836517334
2015-06-23,2.0999999046325684
2015-06-24,2.111999988555908
2015-06-25,2.124000072479248
2015-06-26,2.138000011444092
2015-06-27,2.1470000743865967
2015-06-28,2.1429998874664307
2015-06-29,2.1549999713897705
2015-06-30,2.174000024795532
2015-07-01,2.187000036239624
2015-07-02,2.17899990081787
2015-07-03,2.174000024795532
2015-07-04,2.1689999103546143
2015-07-05,2.1559998989105225
2015-07-06,2.1440000534057617
2015-07-07,2.135999917984009
2015-07-08,2.1329998970031743
2015-07-09,2.138999938964844
2015-07-10,2.1449999809265137
2015-07-11,2.1489999294281006
2015-07-12,2.151000022888184
2015-07-13,2.1400001049041752
2015-07-14,2.13100004196167
2015-07-15,2.11899995803833
2015-07-16,2.1059999465942383
2015-07-17,2.0910000801086426
2015-07-18,2.088000059127808
2015-07-19,2.1099998950958248
2015-07-20,2.125
2015-07-21,2.125999927520752
2015-07-22,2.1099998950958248
2015-07-23,2.0969998836517334
2015-07-24,2.086999893188477
2015-07-25,2.0859999656677246
2015-07-26,2.0820000171661377
2015-07-27,2.0729999542236333
2015-07-28,2.061000108718872
2015-07-29,2.0550000667572017
2015-07-30,2.055999994277954
2015-07-31,2.056999921798706
2015-08-01,2.061000108718872
2015-08-02,2.069000005722046
2015-08-03,2.075000047683716
2015-08-04,2.07699990272522
2015-08-05,2.075000047683716
2015-08-06,2.0739998817443848
2015-08-07,2.065000057220459
2015-08-08,2.062999963760376
2015-08-09,2.062000036239624
2015-08-10,2.059000015258789
2015-08-11,2.055999994277954
2015-08-12,2.052999973297119
2015-08-13,2.0520000457763667
2015-08-14,2.055999994277954
2015-08-15,2.066999912261964
2015-08-16,2.0699999332427983
2015-08-17,2.059999942779541
2015-08-18,2.052999973297119
2015-08-19,2.05399990081787
2015-08-20,2.055999994277954
2015-08-21,2.052999973297119
2015-08-22,2.0460000038146973
2015-08-23,2.0360000133514404
2015-08-24,2.0309998989105225
2015-08-25,2.026000022888184
2015-08-26,2.0209999084472656
2015-08-27,2.0169999599456787
2015-08-28,2.0169999599456787
2015-08-29,2.0230000019073486
2015-08-30,2.0520000457763667
2015-08-31,2.0460000038146973
2015-09-01,2.0299999713897705
2015-09-02,2.0299999713897705
2015-09-03,2.0350000858306885
2015-09-04,2.049000024795532
2015-09-05,2.0380001068115234
2015-09-06,2.0299999713897705
2015-09-07,2.0269999504089355
2015-09-08,2.0280001163482666
2015-09-09,2.0309998989105225
2015-09-10,2.0380001068115234
2015-09-11,2.0510001182556152
2015-09-12,2.0520000457763667
2015-09-13,2.0520000457763667
2015-09-14,2.0510001182556152
2015-09-15,2.0469999313354488
2015-09-16,2.0380001068115234
2015-09-17,2.0290000438690186
2015-09-18,2.0230000019073486
2015-09-19,2.0190000534057617
2015-09-20,2.032000064849853
2015-09-21,2.061000108718872
2015-09-22,2.059999942779541
2015-09-23,2.0510001182556152
2015-09-24,2.0429999828338623
2015-09-25,2.0450000762939453
2015-09-26,2.0380001068115234
2015-09-27,2.032999992370605
2015-09-28,2.0269999504089355
2015-09-29,2.0230000019073486
2015-09-30,2.0179998874664307
2015-10-01,2.0160000324249268
2015-10-02,2.0199999809265137
2015-10-03,2.0369999408721924
2015-10-04,2.0369999408721924
2015-10-05,2.032999992370605
2015-10-06,2.0269999504089355
2015-10-07,2.0239999294281006
2015-10-08,2.0220000743865967
2015-10-09,2.0220000743865967
2015-10-10,2.1040000915527344
2015-10-11,2.20199990272522
2015-10-12,2.157000064849853
2015-10-13,2.125999927520752
2015-10-14,2.1040000915527344
2015-10-15,2.0850000381469727
2015-10-16,2.0739998817443848
2015-10-17,2.0639998912811284
2015-10-18,2.0580000877380367
2015-10-19,2.0580000877380367
2015-10-20,2.055999994277954
2015-10-21,2.049999952316284
2015-10-22,2.0439999103546143
2015-10-23,2.039999961853028
2015-10-24,2.0360000133514404
2015-10-25,2.0309998989105225
2015-10-26,2.0280001163482666
2015-10-27,2.026000022888184
2015-10-28,2.0230000019073486
2015-10-29,2.0199999809265137
2015-10-30,2.0199999809265137
2015-10-31,2.0239999294281006
2015-11-01,2.0280001163482666
2015-11-02,2.0230000019073486
2015-11-03,2.0179998874664307
2015-11-04,2.0150001049041752
2015-11-05,2.0120000839233403
2015-11-06,2.009000062942505
2015-11-07,2.013999938964844
2015-11-08,2.0179998874664307
2015-11-09,2.0160000324249268
2015-11-10,2.006999969482422
2015-11-11,2.0120000839233403
2015-11-12,2.006999969482422
2015-11-13,2.013999938964844
2015-11-14,2.013000011444092
2015-11-15,2.010999917984009
2015-11-16,2.0309998989105225
2015-11-17,2.0050001144409184
2015-11-18,2.0079998970031743
2015-11-19,2.0729999542236333
2015-11-20,2.177999973297119
2015-11-21,2.197000026702881
2015-11-22,2.102999925613404
2015-11-23,2.0120000839233403
2015-11-24,2.0480000972747803
2015-11-25,2.2869999408721924
2015-11-26,2.490999937057495
2015-11-27,2.5999999046325684
2015-11-28,2.621000051498413
2015-11-29,2.5439999103546143
2015-11-30,2.431999921798706
2015-12-01,2.2300000190734863
2015-12-02,2.088000059127808
2015-12-03,2.07699990272522
2015-12-04,2.0859999656677246
2015-12-05,2.0899999141693115
2015-12-06,2.1080000400543213
2015-12-07,2.124000072479248
2015-12-08,2.1489999294281006
2015-12-09,2.108999967575073
2015-12-10,2.069000005722046
2015-12-11,2.0469999313354488
2015-12-12,2.065000057220459
2015-12-13,2.0739998817443848
2015-12-14,2.0299999713897705
2015-12-15,2.0360000133514404
2015-12-16,2.3020000457763667
2015-12-17,2.400000095367432
2015-12-18,2.4140000343322754
2015-12-19,2.3510000705718994
2015-12-20,2.328000068664551
2015-12-21,2.259999990463257
2015-12-22,2.1670000553131104
2015-12-23,2.111000061035156
2015-12-24,2.095999956130981
2015-12-25,2.1199998855590816
2015-12-26,2.3320000171661377
2015-12-27,2.3350000381469727
2015-12-28,2.3020000457763667
2015-12-29,2.260999917984009
2015-12-30,2.194000005722046
2015-12-31,2.2179999351501465
2016-01-01,2.361000061035156
2016-01-02,2.25600004196167
2016-01-03,2.187999963760376
2016-01-04,2.2230000495910645
2016-01-05,2.32699990272522
2016-01-06,2.352999925613404
2016-01-07,2.3050000667572017
2016-01-08,2.2179999351501465
2016-01-09,2.151000022888184
2016-01-10,2.11899995803833
2016-01-11,2.121000051498413
2016-01-12,2.1589999198913574
2016-01-13,2.213000059127808
2016-01-14,2.193000078201294
2016-01-15,2.124000072479248
2016-01-16,2.0899999141693115
2016-01-17,2.075000047683716
2016-01-18,2.059000015258789
2016-01-19,2.0510001182556152
2016-01-20,2.0420000553131104
2016-01-21,2.0380001068115234
2016-01-22,2.05399990081787
2016-01-23,2.059000015258789
2016-01-24,2.049999952316284
2016-01-25,2.0230000019073486
2016-01-26,2.0309998989105225
2016-01-27,2.1099998950958248
2016-01-28,2.513000011444092
2016-01-29,2.437000036239624
2016-01-30,2.3310000896453857
2016-01-31,2.1679999828338623
2016-02-01,2.1059999465942383
2016-02-02,2.0469999313354488
2016-02-03,2.1059999465942383
2016-02-04,2.101999998092652
2016-02-05,2.1080000400543213
2016-02-06,2.1170001029968257
2016-02-07,2.0780000686645512
2016-02-08,2.062000036239624
2016-02-09,2.059999942779541
2016-02-10,2.055999994277954
2016-02-11,2.0829999446868896
2016-02-12,2.0780000686645512
2016-02-13,2.1329998970031743
2016-02-14,2.0520000457763667
2016-02-15,2.059999942779541
2016-02-16,2.0339999198913574
2016-02-17,2.0360000133514404
2016-02-18,2.026000022888184
2016-02-19,2.003999948501587
2016-02-20,1.9989999532699585
2016-02-21,1.996000051498413
2016-02-22,2.013000011444092
2016-02-23,2.0420000553131104
2016-02-24,1.996999979019165
2016-02-25,1.991000056266785
2016-02-26,1.996000051498413
2016-02-27,2.0
2016-02-28,2.003000020980835
2016-02-29,2.003999948501587
2016-03-01,2.0
2016-03-02,1.993000030517578
2016-03-03,1.993000030517578
2016-03-04,2.006999969482422
2016-03-05,2.0220000743865967
2016-03-06,2.0230000019073486
2016-03-07,2.0190000534057617
2016-03-08,2.0079998970031743
2016-03-09,2.0
2016-03-10,2.003000020980835
2016-03-11,2.009999990463257
2016-03-12,2.003999948501587
2016-03-13,2.000999927520752
2016-03-14,1.996999979019165
2016-03-15,1.995000004768372
2016-03-16,1.993000030517578
2016-03-17,1.9889999628067017
2016-03-18,1.9859999418258667
2016-03-19,1.9889999628067017
2016-03-20,1.9919999837875368
2016-03-21,1.996999979019165
2016-03-22,2.0
2016-03-23,2.000999927520752
2016-03-24,2.002000093460083
2016-03-25,1.9980000257492063
2016-03-26,1.996999979019165
2016-03-27,1.9980000257492063
2016-03-28,1.9980000257492063
2016-03-29,1.996000051498413
2016-03-30,2.003000020980835
2016-03-31,2.0079998970031743
2016-04-01,2.009000062942505
2016-04-02,2.010999917984009
2016-04-03,2.013000011444092
2016-04-04,2.009000062942505
2016-04-05,2.0050001144409184
2016-04-06,2.0050001144409184
2016-04-07,2.009000062942505
2016-04-08,2.0169999599456787
2016-04-09,2.0299999713897705
2016-04-10,2.0309998989105225
2016-04-11,2.032999992370605
2016-04-12,2.032999992370605
2016-04-13,2.0280001163482666
2016-04-14,2.0220000743865967
2016-04-15,2.0150001049041752
2016-04-16,2.009000062942505
2016-04-17,2.009999990463257
2016-04-18,2.0239999294281006
2016-04-19,2.0520000457763667
2016-04-20,2.066999912261964
2016-04-21,2.07699990272522
2016-04-22,2.0799999237060547
2016-04-23,2.094000101089477
2016-04-24,2.1080000400543213
2016-04-25,2.102999925613404
2016-04-26,2.0899999141693115
2016-04-27,2.075999975204468
2016-04-28,2.066999912261964
2016-04-29,2.059999942779541
2016-04-30,2.052999973297119
2016-05-01,2.049000024795532
2016-05-02,2.056999921798706
2016-05-03,2.069000005722046
2016-05-04,2.0799999237060547
2016-05-05,2.0799999237060547
2016-05-06,2.07699990272522
2016-05-07,2.0739998817443848
2016-05-08,2.0840001106262207
2016-05-09,2.0829999446868896
2016-05-10,2.072000026702881
2016-05-11,2.065999984741211
2016-05-12,2.0820000171661377
2016-05-13,2.0799999237060547
2016-05-14,2.0780000686645512
2016-05-15,2.075999975204468
2016-05-16,2.0799999237060547
2016-05-17,2.094000101089477
2016-05-18,2.118000030517578
2016-05-19,2.1480000019073486
2016-05-20,2.1619999408721924
2016-05-21,2.1429998874664307
2016-05-22,2.124000072479248
2016-05-23,2.125
2016-05-24,2.157000064849853
2016-05-25,2.180999994277954
2016-05-26,2.191999912261964
2016-05-27,2.184000015258789
2016-05-28,2.164999961853028
2016-05-29,2.1459999084472656
2016-05-30,2.122999906539917
2016-05-31,2.1070001125335693
2016-06-01,2.0989999771118164
2016-06-02,2.1050000190734863
2016-06-03,2.11299991607666
2016-06-04,2.122999906539917
2016-06-05,2.135999917984009
2016-06-06,2.150000095367432
2016-06-07,2.1630001068115234
2016-06-08,2.1670000553131104
2016-06-09,2.1630001068115234
2016-06-10,2.1619999408721924
2016-06-11,2.1679999828338623
2016-06-12,2.1630001068115234
2016-06-13,2.1480000019073486
2016-06-14,2.1619999408721924
2016-06-15,2.1619999408721924
2016-06-16,2.1449999809265137
2016-06-17,2.13100004196167
2016-06-18,2.121000051498413
2016-06-19,2.134999990463257
2016-06-20,2.1610000133514404
2016-06-21,2.187999963760376
2016-06-22,2.2090001106262207
2016-06-23,2.236999988555908
2016-06-24,2.26200008392334
2016-06-25,2.240000009536743
2016-06-26,2.2149999141693115
2016-06-27,2.194000005722046
2016-06-28,2.187999963760376
2016-06-29,2.190000057220459
2016-06-30,2.191999912261964
2016-07-01,2.186000108718872
2016-07-02,2.1770000457763667
2016-07-03,2.1710000038146973
2016-07-04,2.1619999408721924
2016-07-05,2.157000064849853
2016-07-06,2.1410000324249268
2016-07-07,2.13100004196167
2016-07-08,2.128999948501587
2016-07-09,2.128999948501587
2016-07-10,2.1329998970031743
2016-07-11,2.127000093460083
2016-07-12,2.125
2016-07-13,2.135999917984009
2016-07-14,2.1519999504089355
2016-07-15,2.2039999961853027
2016-07-16,2.315000057220459
2016-07-17,2.3399999141693115
2016-07-18,2.32699990272522
2016-07-19,2.2980000972747803
2016-07-20,2.2679998874664307
2016-07-21,2.243000030517578
2016-07-22,2.2179999351501465
2016-07-23,2.194000005722046
2016-07-24,2.177999973297119
2016-07-25,2.1710000038146973
2016-07-26,2.1679999828338623
2016-07-27,2.1619999408721924
2016-07-28,2.157000064849853
2016-07-29,2.1540000438690186
2016-07-30,2.1519999504089355
2016-07-31,2.138999938964844
2016-08-01,2.121000051498413
2016-08-02,2.1140000820159908
2016-08-03,2.111000061035156
2016-08-04,2.1070001125335693
2016-08-05,2.13100004196167
2016-08-06,2.1559998989105225
2016-08-07,2.1610000133514404
2016-08-08,2.240999937057495
2016-08-09,2.2809998989105225
2016-08-10,2.242000102996826
2016-08-11,2.2049999237060547
2016-08-12,2.1760001182556152
2016-08-13,2.1589999198913574
2016-08-14,2.1470000743865967
2016-08-15,2.1370000839233403
2016-08-16,2.131999969482422
2016-08-17,2.125999927520752
2016-08-18,2.115999937057495
2016-08-19,2.1040000915527344
2016-08-20,2.0980000495910645
2016-08-21,2.0999999046325684
2016-08-22,2.1080000400543213
2016-08-23,2.0969998836517334
2016-08-24,2.086999893188477
2016-08-25,2.0820000171661377
2016-08-26,2.0820000171661377
2016-08-27,2.0850000381469727
2016-08-28,2.094000101089477
2016-08-29,2.094000101089477
2016-08-30,2.0980000495910645
2016-08-31,2.095999956130981
2016-09-01,2.0920000076293945
2016-09-02,2.0820000171661377
2016-09-03,2.0729999542236333
2016-09-04,2.0729999542236333
2016-09-05,2.069000005722046
2016-09-06,2.0739998817443848
2016-09-07,2.07699990272522
2016-09-08,2.0710000991821294
2016-09-09,2.062000036239624
2016-09-10,2.055999994277954
2016-09-11,2.052999973297119
2016-09-12,2.052999973297119
2016-09-13,2.0480000972747803
2016-09-14,2.0420000553131104
2016-09-15,2.0369999408721924
2016-09-16,2.0360000133514404
2016-09-17,2.0429999828338623
2016-09-18,2.0450000762939453
2016-09-19,2.0439999103546143
2016-09-20,2.0520000457763667
2016-09-21,2.05399990081787
2016-09-22,2.049000024795532
2016-09-23,2.0420000553131104
2016-09-24,2.0360000133514404
2016-09-25,2.0299999713897705
2016-09-26,2.0269999504089355
2016-09-27,2.0299999713897705
2016-09-28,2.0390000343322754
2016-09-29,2.0390000343322754
2016-09-30,2.0339999198913574
2016-10-01,2.0290000438690186
2016-10-02,2.0299999713897705
2016-10-03,2.0299999713897705
2016-10-04,2.025000095367432
2016-10-05,2.0230000019073486
2016-10-06,2.0209999084472656
2016-10-07,2.0269999504089355
2016-10-08,2.0339999198913574
2016-10-09,2.0369999408721924
2016-10-10,2.032999992370605
2016-10-11,2.0280001163482666
2016-10-12,2.0239999294281006
2016-10-13,2.0209999084472656
2016-10-14,2.0299999713897705
2016-10-15,2.0299999713897705
2016-10-16,2.032000064849853
2016-10-17,2.0290000438690186
2016-10-18,2.025000095367432
2016-10-19,2.0230000019073486
2016-10-20,2.0199999809265137
2016-10-21,2.0199999809265137
2016-10-22,2.0169999599456787
2016-10-23,2.013999938964844
2016-10-24,2.0120000839233403
2016-10-25,2.009999990463257
2016-10-26,2.0079998970031743
2016-10-27,2.0079998970031743
2016-10-28,2.00600004196167
2016-10-29,2.0050001144409184
2016-10-30,2.003999948501587
2016-10-31,2.003000020980835
2016-11-01,2.003000020980835
2016-11-02,2.0079998970031743
2016-11-03,2.0290000438690186
2016-11-04,2.039999961853028
2016-11-05,2.056999921798706
2016-11-06,2.0550000667572017
2016-11-07,2.0460000038146973
2016-11-08,2.1710000038146973
2016-11-09,2.470000028610229
2016-11-10,2.361000061035156
2016-11-11,2.2850000858306885
2016-11-12,2.233999967575073
2016-11-13,2.193000078201294
2016-11-14,2.1619999408721924
2016-11-15,2.1429998874664307
2016-11-16,2.121999979019165
2016-11-17,2.1059999465942383
2016-11-18,2.0899999141693115
2016-11-19,2.0820000171661377
2016-11-20,2.0820000171661377
2016-11-21,2.075000047683716
2016-11-22,2.066999912261964
2016-11-23,2.0639998912811284
2016-11-24,2.061000108718872
2016-11-25,2.059999942779541
2016-11-26,2.0520000457763667
2016-11-27,2.0480000972747803
2016-11-28,2.0480000972747803
2016-11-29,2.0429999828338623
2016-11-30,2.0420000553131104
2016-12-01,2.0239999294281006
2016-12-02,2.032000064849853
2016-12-03,2.0309998989105225
2016-12-04,2.010999917984009
2016-12-05,1.99399995803833
2016-12-06,1.9980000257492063
2016-12-07,2.0520000457763667
2016-12-08,1.9850000143051147
2016-12-09,1.9859999418258667
2016-12-10,1.9900000095367432
2016-12-11,1.996999979019165
2016-12-12,1.9989999532699585
2016-12-13,1.9989999532699585
2016-12-14,2.003000020980835
2016-12-15,2.013000011444092
2016-12-16,2.0169999599456787
2016-12-17,2.013000011444092
2016-12-18,2.0
2016-12-19,1.986999988555908
2016-12-20,1.9800000190734863
2016-12-21,1.9789999723434448
2016-12-22,1.9830000400543213
2016-12-23,1.9900000095367432
2016-12-24,1.9859999418258667
2016-12-25,1.9809999465942385
2016-12-26,1.9780000448226929
2016-12-27,1.9789999723434448
2016-12-28,1.9739999771118164
2016-12-29,1.976999998092652
2016-12-30,1.9780000448226929
2016-12-31,1.968999981880188
2017-01-01,1.976999998092652
2017-01-02,1.9570000171661377
2017-01-03,1.9759999513626096
2017-01-04,1.9830000400543213
2017-01-05,1.9800000190734863
2017-01-06,1.9780000448226929
2017-01-07,1.976999998092652
2017-01-08,1.9789999723434448
2017-01-09,1.9809999465942385
2017-01-10,1.9789999723434448
2017-01-11,1.986999988555908
2017-01-12,2.009999990463257
2017-01-13,2.0190000534057617
2017-01-14,2.0079998970031743
2017-01-15,2.000999927520752
2017-01-16,1.9989999532699585
2017-01-17,2.00600004196167
2017-01-18,2.032000064849853
2017-01-19,2.0079998970031743
2017-01-20,1.996000051498413
2017-01-21,1.9989999532699585
2017-01-22,2.009999990463257
2017-01-23,1.9900000095367432
2017-01-24,1.9809999465942385
2017-01-25,1.98199999332428
2017-01-26,1.9789999723434448
2017-01-27,1.9850000143051147
2017-01-28,1.9889999628067017
2017-01-29,2.000999927520752
2017-01-30,1.993000030517578
2017-01-31,1.9780000448226929
2017-02-01,2.0
2017-02-02,2.0150001049041752
2017-02-03,1.9789999723434448
2017-02-04,1.9830000400543213
2017-02-05,1.9809999465942385
2017-02-06,1.9830000400543213
2017-02-07,1.9830000400543213
2017-02-08,1.996999979019165
2017-02-09,2.0
2017-02-10,1.99399995803833
2017-02-11,1.9859999418258667
2017-02-12,1.9839999675750728
2017-02-13,1.9800000190734863
2017-02-14,1.9730000495910645
2017-02-15,2.0199999809265137
2017-02-16,2.0429999828338623
2017-02-17,2.009000062942505
2017-02-18,2.006999969482422
2017-02-19,1.9989999532699585
2017-02-20,1.995000004768372
2017-02-21,1.9900000095367432
2017-02-22,1.9839999675750728
2017-02-23,1.98199999332428
2017-02-24,1.9919999837875368
2017-02-25,1.9839999675750728
2017-02-26,1.986999988555908
2017-02-27,2.000999927520752
2017-02-28,1.986999988555908
2017-03-01,1.9800000190734863
2017-03-02,1.976999998092652
2017-03-03,1.976999998092652
2017-03-04,1.9809999465942385
2017-03-05,1.975000023841858
2017-03-06,1.991000056266785
2017-03-07,1.9919999837875368
2017-03-08,1.993000030517578
2017-03-09,1.976999998092652
2017-03-10,1.9859999418258667
2017-03-11,1.9809999465942385
2017-03-12,1.9780000448226929
2017-03-13,1.993000030517578
2017-03-14,2.002000093460083
2017-03-15,2.0079998970031743
2017-03-16,2.0150001049041752
2017-03-17,2.0120000839233403
2017-03-18,2.00600004196167
2017-03-19,1.99399995803833
2017-03-20,1.9900000095367432
2017-03-21,1.995000004768372
2017-03-22,1.996000051498413
2017-03-23,2.003000020980835
2017-03-24,2.010999917984009
2017-03-25,2.013999938964844
2017-03-26,2.0160000324249268
2017-03-27,2.006999969482422
2017-03-28,2.013000011444092
2017-03-29,2.0190000534057617
2017-03-30,2.0150001049041752
2017-03-31,2.0150001049041752
2017-04-01,2.0230000019073486
2017-04-02,2.0199999809265137
2017-04-03,2.009999990463257
2017-04-04,2.009000062942505
2017-04-05,2.006999969482422
2017-04-06,2.013999938964844
2017-04-07,2.0120000839233403
2017-04-08,2.00600004196167
2017-04-09,2.003999948501587
2017-04-10,2.003999948501587
2017-04-11,2.003000020980835
2017-04-12,2.002000093460083
2017-04-13,2.003999948501587
2017-04-14,2.010999917984009
2017-04-15,2.013000011444092
2017-04-16,2.009000062942505
2017-04-17,2.00600004196167
2017-04-18,2.009000062942505
2017-04-19,2.013999938964844
2017-04-20,2.0150001049041752
2017-04-21,2.013000011444092
2017-04-22,2.0150001049041752
2017-04-23,2.0179998874664307
2017-04-24,2.0369999408721924
2017-04-25,2.0390000343322754
2017-04-26,2.0360000133514404
2017-04-27,2.032999992370605
2017-04-28,2.025000095367432
2017-04-29,2.0220000743865967
2017-04-30,2.0179998874664307
2017-05-01,2.013999938964844
2017-05-02,2.009999990463257
2017-05-03,2.009000062942505
2017-05-04,2.0269999504089355
2017-05-05,2.0580000877380367
2017-05-06,2.0789999961853027
2017-05-07,2.0829999446868896
2017-05-08,2.0799999237060547
2017-05-09,2.0810000896453857
2017-05-10,2.075999975204468
2017-05-11,2.07699990272522
2017-05-12,2.08899998664856
2017-05-13,2.0899999141693115
2017-05-14,2.0820000171661377
2017-05-15,2.075000047683716
2017-05-16,2.07699990272522
2017-05-17,2.0780000686645512
2017-05-18,2.0840001106262207
2017-05-19,2.095000028610229
2017-05-20,2.1070001125335693
2017-05-21,2.1589999198913574
2017-05-22,2.181999921798706
2017-05-23,2.2170000076293945
2017-05-24,2.243000030517578
2017-05-25,2.2179999351501465
2017-05-26,2.2230000495910645
2017-05-27,2.260999917984009
2017-05-28,2.302999973297119
2017-05-29,2.338000059127808
2017-05-30,2.365999937057495
2017-05-31,2.384000062942505
2017-06-01,2.36899995803833
2017-06-02,2.3299999237060547
2017-06-03,2.282000064849853
2017-06-04,2.23799991607666
2017-06-05,2.200000047683716
2017-06-06,2.1710000038146973
2017-06-07,2.1589999198913574
2017-06-08,2.184999942779541
2017-06-09,2.227999925613404
2017-06-10,2.2049999237060547
2017-06-11,2.1679999828338623
2017-06-12,2.157000064849853
2017-06-13,2.164999961853028
2017-06-14,2.164999961853028
2017-06-15,2.1530001163482666
2017-06-16,2.1449999809265137
2017-06-17,2.13100004196167
2017-06-18,2.1199998855590816
2017-06-19,2.11299991607666
2017-06-20,2.1300001144409184
2017-06-21,2.1459999084472656
2017-06-22,2.135999917984009
2017-06-23,2.121999979019165
2017-06-24,2.115999937057495
2017-06-25,2.125
2017-06-26,2.151000022888184
2017-06-27,2.1630001068115234
2017-06-28,2.150000095367432
2017-06-29,2.1400001049041752
2017-06-30,2.1429998874664307
2017-07-01,2.1530001163482666
2017-07-02,2.1559998989105225
2017-07-03,2.1589999198913574
2017-07-04,2.1459999084472656
2017-07-05,2.13100004196167
2017-07-06,2.1199998855590816
2017-07-07,2.11899995803833
2017-07-08,2.121999979019165
2017-07-09,2.125999927520752
2017-07-10,2.134000062942505
2017-07-11,2.134000062942505
2017-07-12,2.121999979019165
2017-07-13,2.1170001029968257
2017-07-14,2.1140000820159908
2017-07-15,2.108999967575073
2017-07-16,2.1059999465942383
2017-07-17,2.0999999046325684
2017-07-18,2.0899999141693115
2017-07-19,2.0829999446868896
2017-07-20,2.1070001125335693
2017-07-21,2.1540000438690186
2017-07-22,2.1449999809265137
2017-07-23,2.138000011444092
2017-07-24,2.1300001144409184
2017-07-25,2.118000030517578
2017-07-26,2.11299991607666
2017-07-27,2.111000061035156
2017-07-28,2.1140000820159908
2017-07-29,2.11299991607666
2017-07-30,2.111000061035156
2017-07-31,2.111999988555908
2017-08-01,2.1140000820159908
2017-08-02,2.111000061035156
2017-08-03,2.111999988555908
2017-08-04,2.115999937057495
2017-08-05,2.1199998855590816
2017-08-06,2.115999937057495
2017-08-07,2.1140000820159908
2017-08-08,2.1140000820159908
2017-08-09,2.118000030517578
2017-08-10,2.124000072479248
2017-08-11,2.125999927520752
2017-08-12,2.125999927520752
2017-08-13,2.131999969482422
2017-08-14,2.1300001144409184
2017-08-15,2.1140000820159908
2017-08-16,2.0980000495910645
2017-08-17,2.086999893188477
2017-08-18,2.0840001106262207
2017-08-19,2.0840001106262207
2017-08-20,2.0810000896453857
2017-08-21,2.0850000381469727
2017-08-22,2.088000059127808
2017-08-23,2.0989999771118164
2017-08-24,2.1059999465942383
2017-08-25,2.095000028610229
2017-08-26,2.0810000896453857
2017-08-27,2.072000026702881
2017-08-28,2.0699999332427983
2017-08-29,2.0699999332427983
2017-08-30,2.069000005722046
2017-08-31,2.068000078201294
2017-09-01,2.065999984741211
2017-09-02,2.065000057220459
2017-09-03,2.0850000381469727
2017-09-04,2.0969998836517334
2017-09-05,2.095000028610229
2017-09-06,2.0929999351501465
2017-09-07,2.0929999351501465
2017-09-08,2.0980000495910645
2017-09-09,2.0989999771118164
2017-09-10,2.0859999656677246
2017-09-11,2.0710000991821294
2017-09-12,2.062000036239624
2017-09-13,2.068000078201294
2017-09-14,2.062000036239624
2017-09-15,2.049999952316284
2017-09-16,2.0390000343322754
2017-09-17,2.032000064849853
2017-09-18,2.0299999713897705
2017-09-19,2.0269999504089355
2017-09-20,2.025000095367432
2017-09-21,2.0339999198913574
2017-09-22,2.032999992370605
2017-09-23,2.032999992370605
2017-09-24,2.0380001068115234
2017-09-25,2.0420000553131104
2017-09-26,2.0510001182556152
2017-09-27,2.059000015258789
2017-09-28,2.059999942779541
2017-09-29,2.056999921798706
2017-09-30,2.05399990081787
2017-10-01,2.0510001182556152
2017-10-02,2.0439999103546143
2017-10-03,2.0390000343322754
2017-10-04,2.032000064849853
2017-10-05,2.0269999504089355
2017-10-06,2.0220000743865967
2017-10-07,2.0199999809265137
2017-10-08,2.0209999084472656
2017-10-09,2.0179998874664307
2017-10-10,2.032000064849853
2017-10-11,2.0469999313354488
2017-10-12,2.0439999103546143
2017-10-13,2.039999961853028
2017-10-14,2.032000064849853
2017-10-15,2.032999992370605
2017-10-16,2.0309998989105225
2017-10-17,2.0850000381469727
2017-10-18,2.088000059127808
2017-10-19,2.0859999656677246
2017-10-20,2.0729999542236333
2017-10-21,2.056999921798706
2017-10-22,2.049000024795532
2017-10-23,2.0390000343322754
2017-10-24,2.0390000343322754
2017-10-25,2.075999975204468
2017-10-26,2.0920000076293945
2017-10-27,2.0840001106262207
2017-10-28,2.0799999237060547
2017-10-29,2.0780000686645512
2017-10-30,2.0739998817443848
2017-10-31,2.069000005722046
2017-11-01,2.0789999961853027
2017-11-02,2.0699999332427983
2017-11-03,2.1470000743865967
2017-11-04,2.259999990463257
2017-11-05,2.309000015258789
2017-11-06,2.3949999809265137
2017-11-07,2.299999952316284
2017-11-08,2.1059999465942383
2017-11-09,2.061000108718872
2017-11-10,2.0480000972747803
2017-11-11,2.0360000133514404
2017-11-12,2.0339999198913574
2017-11-13,2.0339999198913574
2017-11-14,2.0369999408721924
2017-11-15,2.0390000343322754
2017-11-16,2.0390000343322754
2017-11-17,2.026000022888184
2017-11-18,2.0209999084472656
2017-11-19,2.0380001068115234
2017-11-20,2.0429999828338623
2017-11-21,2.0360000133514404
2017-11-22,2.039999961853028
2017-11-23,2.11299991607666
2017-11-24,2.1080000400543213
2017-11-25,2.0899999141693115
2017-11-26,2.0989999771118164
2017-11-27,2.0829999446868896
2017-11-28,2.065999984741211
2017-11-29,2.049999952316284
2017-11-30,2.0469999313354488
2017-12-01,2.0360000133514404
2017-12-02,2.0350000858306885
2017-12-03,2.0780000686645512
2017-12-04,2.1760001182556152
2017-12-05,2.226999998092652
2017-12-06,2.2720000743865967
2017-12-07,2.3559999465942383
2017-12-08,2.4660000801086426
2017-12-09,2.5199999809265137
2017-12-10,2.526000022888184
2017-12-11,2.510999917984009
2017-12-12,2.4820001125335693
2017-12-13,2.299000024795532
2017-12-14,2.1489999294281006
2017-12-15,2.0460000038146973
2017-12-16,2.0230000019073486
2017-12-17,1.9980000257492063
2017-12-18,1.996000051498413
2017-12-19,1.9809999465942385
2017-12-20,1.991000056266785
2017-12-21,1.9919999837875368
2017-12-22,1.996000051498413
2017-12-23,2.138000011444092
2017-12-24,2.157000064849853
2017-12-25,1.9989999532699585
2017-12-26,1.9850000143051147
2017-12-27,1.9839999675750728
2017-12-28,1.9839999675750728
2017-12-29,1.9839999675750728
2017-12-30,1.9889999628067017
2017-12-31,1.9889999628067017
2018-01-01,1.9919999837875368
2018-01-02,1.993000030517578
2018-01-03,1.996000051498413
2018-01-04,1.9919999837875368
2018-01-05,1.9730000495910645
2018-01-06,1.9650000333786009
2018-01-07,1.9650000333786009
2018-01-08,1.9650000333786009
2018-01-09,1.9630000591278085
2018-01-10,1.9630000591278085
2018-01-11,1.9420000314712524
2018-01-12,1.962000012397766
2018-01-13,1.9630000591278085
2018-01-14,1.9579999446868896
2018-01-15,1.9570000171661377
2018-01-16,1.9570000171661377
2018-01-17,1.9570000171661377
2018-01-18,1.9589999914169312
2018-01-19,1.9630000591278085
2018-01-20,1.962000012397766
2018-01-21,1.962000012397766
2018-01-22,1.9700000286102293
2018-01-23,1.9709999561309808
2018-01-24,1.9720000028610232
2018-01-25,1.9700000286102293
2018-01-26,1.968000054359436
2018-01-27,1.9650000333786009
2018-01-28,1.968000054359436
2018-01-29,1.9700000286102293
2018-01-30,1.9720000028610232
2018-01-31,1.9670000076293943
2018-02-01,1.9730000495910645
2018-02-02,1.968000054359436
2018-02-03,1.9709999561309808
2018-02-04,1.965999960899353
2018-02-05,1.9720000028610232
2018-02-06,1.9700000286102293
2018-02-07,1.9700000286102293
2018-02-08,1.9730000495910645
2018-02-09,1.9670000076293943
2018-02-10,1.9520000219345093
2018-02-11,1.976999998092652
2018-02-12,1.9700000286102293
2018-02-13,1.975000023841858
2018-02-14,1.9730000495910645
2018-02-15,1.9700000286102293
2018-02-16,1.9709999561309808
2018-02-17,1.9739999771118164
2018-02-18,1.9700000286102293
2018-02-19,1.9789999723434448
2018-02-20,1.976999998092652
2018-02-21,1.976999998092652
2018-02-22,1.9789999723434448
2018-02-23,1.9789999723434448
2018-02-24,1.9739999771118164
2018-02-25,1.9730000495910645
2018-02-26,1.968999981880188
2018-02-27,1.9739999771118164
2018-02-28,1.9709999561309808
2018-03-01,1.9730000495910645
2018-03-02,1.9739999771118164
2018-03-03,1.9730000495910645
2018-03-04,1.9709999561309808
2018-03-05,1.96399998664856
2018-03-06,1.9800000190734863
2018-03-07,1.968000054359436
2018-03-08,1.976999998092652
2018-03-09,1.9739999771118164
2018-03-10,1.9709999561309808
2018-03-11,1.9709999561309808
2018-03-12,1.9780000448226929
2018-03-13,1.975000023841858
2018-03-14,1.9739999771118164
2018-03-15,1.9759999513626096
2018-03-16,1.9759999513626096
2018-03-17,1.9789999723434448
2018-03-18,1.9859999418258667
2018-03-19,1.9839999675750728
2018-03-20,1.9850000143051147
2018-03-21,1.9900000095367432
2018-03-22,1.9880000352859497
2018-03-23,1.9839999675750728
2018-03-24,1.9800000190734863
2018-03-25,1.9809999465942385
2018-03-26,1.98199999332428
2018-03-27,2.0150001049041752
2018-03-28,2.013000011444092
2018-03-29,2.003999948501587
2018-03-30,2.003999948501587
2018-03-31,1.996999979019165
2018-04-01,1.996000051498413
2018-04-02,1.991000056266785
2018-04-03,1.986999988555908
2018-04-04,1.9900000095367432
2018-04-05,1.9919999837875368
2018-04-06,1.9900000095367432
2018-04-07,1.99399995803833
2018-04-08,2.0079998970031743
2018-04-09,2.0350000858306885
2018-04-10,2.049000024795532
2018-04-11,2.059000015258789
2018-04-12,2.068000078201294
2018-04-13,2.061000108718872
2018-04-14,2.055999994277954
2018-04-15,2.0639998912811284
2018-04-16,2.0580000877380367
2018-04-17,2.05399990081787
2018-04-18,2.0580000877380367
2018-04-19,2.055999994277954
2018-04-20,2.049000024795532
2018-04-21,2.059000015258789
2018-04-22,2.0520000457763667
2018-04-23,2.0469999313354488
2018-04-24,2.0520000457763667
2018-04-25,2.059000015258789
2018-04-26,2.0739998817443848
2018-04-27,2.0969998836517334
2018-04-28,2.125
2018-04-29,2.150000095367432
2018-04-30,2.1549999713897705
2018-05-01,2.157999992370605
2018-05-02,2.1679999828338623
2018-05-03,2.2079999446868896
2018-05-04,2.2660000324249268
2018-05-05,2.2799999713897705
2018-05-06,2.309000015258789
2018-05-07,2.3329999446868896
2018-05-08,2.3489999771118164
2018-05-09,2.375
2018-05-10,2.390000104904175
2018-05-11,2.381999969482422
2018-05-12,2.371000051498413
2018-05-13,2.38100004196167
2018-05-14,2.4059998989105225
2018-05-15,2.437999963760376
2018-05-16,2.4600000381469727
2018-05-17,2.45199990272522
2018-05-18,2.421999931335449
2018-05-19,2.3949999809265137
2018-05-20,2.3970000743865967
2018-05-21,2.4030001163482666
2018-05-22,2.38100004196167
2018-05-23,2.372999906539917
2018-05-24,2.372999906539917
2018-05-25,2.3540000915527344
2018-05-26,2.315999984741211
2018-05-27,2.2730000019073486
2018-05-28,2.243000030517578
2018-05-29,2.227999925613404
2018-05-30,2.2179999351501465
2018-05-31,2.1979999542236333
2018-06-01,2.1770000457763667
2018-06-02,2.157000064849853
2018-06-03,2.1440000534057617
2018-06-04,2.138999938964844
2018-06-05,2.128999948501587
2018-06-06,2.11899995803833
2018-06-07,2.1099998950958248
2018-06-08,2.1099998950958248
2018-06-09,2.11899995803833
2018-06-10,2.121999979019165
2018-06-11,2.115999937057495
2018-06-12,2.1059999465942383
2018-06-13,2.0980000495910645
2018-06-14,2.0980000495910645
2018-06-15,2.0999999046325684
2018-06-16,2.1080000400543213
2018-06-17,2.1070001125335693
2018-06-18,2.115999937057495
2018-06-19,2.1540000438690186
2018-06-20,2.2049999237060547
2018-06-21,2.247999906539917
2018-06-22,2.256999969482422
2018-06-23,2.250999927520752
2018-06-24,2.244999885559082
2018-06-25,2.236000061035156
2018-06-26,2.203000068664551
2018-06-27,2.1700000762939453
2018-06-28,2.1549999713897705
2018-06-29,2.1400001049041752
2018-06-30,2.134000062942505
2018-07-01,2.134000062942505
2018-07-02,2.1370000839233403
2018-07-03,2.1300001144409184
2018-07-04,2.128000020980835
2018-07-05,2.128000020980835
2018-07-06,2.1370000839233403
2018-07-07,2.1700000762939453
2018-07-08,2.1719999313354488
2018-07-09,2.1619999408721924
2018-07-10,2.193000078201294
2018-07-11,2.2330000400543213
2018-07-12,2.220999956130981
2018-07-13,2.20199990272522
2018-07-14,2.180999994277954
2018-07-15,2.1610000133514404
2018-07-16,2.1470000743865967
2018-07-17,2.1489999294281006
2018-07-18,2.157999992370605
2018-07-19,2.1630001068115234
2018-07-20,2.16599988937378
2018-07-21,2.1679999828338623
2018-07-22,2.1549999713897705
2018-07-23,2.157000064849853
2018-07-24,2.1630001068115234
2018-07-25,2.1530001163482666
2018-07-26,2.1449999809265137
2018-07-27,2.138999938964844
2018-07-28,2.135999917984009
2018-07-29,2.135999917984009
2018-07-30,2.1410000324249268
2018-07-31,2.1470000743865967
2018-08-01,2.1619999408721924
2018-08-02,2.1730000972747803
2018-08-03,2.1549999713897705
2018-08-04,2.1400001049041752
2018-08-05,2.13100004196167
2018-08-06,2.124000072479248
2018-08-07,2.11899995803833
2018-08-08,2.118000030517578
2018-08-09,2.122999906539917
2018-08-10,2.128999948501587
2018-08-11,2.1300001144409184
2018-08-12,2.118000030517578
2018-08-13,2.1010000705718994
2018-08-14,2.0920000076293945
2018-08-15,2.0910000801086426
2018-08-16,2.0910000801086426
2018-08-17,2.0929999351501465
2018-08-18,2.094000101089477
2018-08-19,2.088000059127808
2018-08-20,2.0780000686645512
2018-08-21,2.0699999332427983
2018-08-22,2.065999984741211
2018-08-23,2.065000057220459
2018-08-24,2.062000036239624
2018-08-25,2.062999963760376
2018-08-26,2.066999912261964
2018-08-27,2.065999984741211
2018-08-28,2.059999942779541
2018-08-29,2.059000015258789
2018-08-30,2.062000036239624
2018-08-31,2.0580000877380367
2018-09-01,2.049999952316284
2018-09-02,2.0460000038146973
2018-09-03,2.039999961853028
2018-09-04,2.0360000133514404
2018-09-05,2.032999992370605
2018-09-06,2.0280001163482666
2018-09-07,2.026000022888184
2018-09-08,2.0269999504089355
2018-09-09,2.026000022888184
2018-09-10,2.026000022888184
2018-09-11,2.0230000019073486
2018-09-12,2.0280001163482666
2018-09-13,2.0350000858306885
2018-09-14,2.032000064849853
2018-09-15,2.0290000438690186
2018-09-16,2.039999961853028
2018-09-17,2.039999961853028
2018-09-18,2.0390000343322754
2018-09-19,2.0369999408721924
2018-09-20,2.0480000972747803
2018-09-21,2.0550000667572017
2018-09-22,2.0639998912811284
2018-09-23,2.056999921798706
2018-09-24,2.049999952316284
2018-09-25,2.049999952316284
2018-09-26,2.0439999103546143
2018-09-27,2.0460000038146973
2018-09-28,2.075000047683716
2018-09-29,2.0969998836517334
2018-09-30,2.095999956130981
2018-10-01,2.1010000705718994
2018-10-02,2.094000101089477
2018-10-03,2.0829999446868896
2018-10-04,2.07699990272522
2018-10-05,2.072000026702881
2018-10-06,2.069000005722046
2018-10-07,2.075999975204468
2018-10-08,2.122999906539917
2018-10-09,2.1730000972747803
2018-10-10,2.1689999103546143
2018-10-11,2.1449999809265137
2018-10-12,2.1410000324249268
2018-10-13,2.128999948501587
2018-10-14,2.1170001029968257
2018-10-15,2.108999967575073
2018-10-16,2.102999925613404
2018-10-17,2.0999999046325684
2018-10-18,2.0969998836517334
2018-10-19,2.095999956130981
2018-10-20,2.0899999141693115
2018-10-21,2.0829999446868896
2018-10-22,2.075000047683716
2018-10-23,2.068000078201294
2018-10-24,2.062999963760376
2018-10-25,2.0580000877380367
2018-10-26,2.055999994277954
2018-10-27,2.05399990081787
2018-10-28,2.049999952316284
2018-10-29,2.0480000972747803
2018-10-30,2.0429999828338623
2018-10-31,2.04099988937378
2018-11-01,2.0420000553131104
2018-11-02,2.0520000457763667
2018-11-03,2.0550000667572017
2018-11-04,2.05399990081787
2018-11-05,2.049999952316284
2018-11-06,2.0450000762939453
2018-11-07,2.0420000553131104
2018-11-08,2.0309998989105225
2018-11-09,2.0390000343322754
2018-11-10,2.0339999198913574
2018-11-11,2.0239999294281006
2018-11-12,2.0269999504089355
2018-11-13,2.0299999713897705
2018-11-14,2.039999961853028
2018-11-15,2.0439999103546143
2018-11-16,2.0450000762939453
2018-11-17,2.0369999408721924
2018-11-18,2.0850000381469727
2018-11-19,2.1630001068115234
2018-11-20,2.1419999599456787
2018-11-21,2.0299999713897705
2018-11-22,2.026000022888184
2018-11-23,2.0299999713897705
2018-11-24,2.0209999084472656
2018-11-25,2.0220000743865967
2018-11-26,2.0280001163482666
2018-11-27,2.0309998989105225
2018-11-28,2.0269999504089355
2018-11-29,2.0160000324249268
2018-11-30,2.0639998912811284
2018-12-01,2.111000061035156
2018-12-02,2.121999979019165
2018-12-03,2.1449999809265137
2018-12-04,2.263999938964844
2018-12-05,2.36899995803833
2018-12-06,2.453000068664551
2018-12-07,2.48799991607666
2018-12-08,2.490999937057495
2018-12-09,2.494999885559082
2018-12-10,2.440999984741211
2018-12-11,2.2780001163482666
2018-12-12,2.1470000743865967
2018-12-13,2.0799999237060547
2018-12-14,2.2769999504089355
2018-12-15,2.2300000190734863
2018-12-16,2.11899995803833
2018-12-17,2.102999925613404
2018-12-18,2.059000015258789
2018-12-19,2.032000064849853
2018-12-20,2.026000022888184
2018-12-21,2.111000061035156
2018-12-22,2.2160000801086426
2018-12-23,2.2709999084472656
2018-12-24,2.2860000133514404
2018-12-25,2.282999992370605
2018-12-26,2.2880001068115234
2018-12-27,2.255000114440918
2018-12-28,2.157000064849853
2018-12-29,2.049000024795532
2018-12-30,2.026000022888184
2018-12-31,2.0220000743865967
